{"cameraMode":{"drawMode":0,"name":"Shaded","section":"Shading Mode"},"sceneLighting":true,"audioPlay":false,"sceneViewState":{"showFog":false,"showMaterialUpdate":false,"showSkybox":false,"showFlares":false,"showImageEffects":false,"showParticleSystems":false},"in2DMode":false,"pivot":{"x":159.7449493408203,"y":171.10931396484376,"z":105.40982055664063},"rotation":{"x":0.02218613773584366,"y":-0.014398658648133278,"z":-0.0003194785676896572,"w":-0.9996515512466431},"size":185.98373413085938,"orthographic":false}